<?xml version="1.0" ?>

<container xmlns="http://symfony.com/schema/dic/services"
    xmlns:xsi="http://www.w3.org/2001/XMLSchema-instance"
    xsi:schemaLocation="http://symfony.com/schema/dic/services http://symfony.com/schema/dic/services/services-1.0.xsd">

    <!--
    <parameters>
        <parameter key="rmzamora_codemirror.example.class">Rmzamora\CodemirrorBundle\Example</parameter>
    </parameters>
    -->

    <services>
        <service id="rmzamora_codemirror.codemirror.type" class="Rmzamora\CodemirrorBundle\Form\Type\CodemirrorType">
            <argument type="service" id="session" />
            <tag name="form.type"  alias="rz_codemirror"/>
        </service>
    </services>

</container>
